{
  "project_info": {
    "project_number": "953539689403",
    "project_id": "login-4471f",
    "storage_bucket": "login-4471f.appspot.com"
  },
  "client": [
    {
      "client_info": {
        "mobilesdk_app_id": "1:953539689403:android:7acf87843b150677b4e29e",
        "android_client_info": {
          "package_name": "com.example.Hackaton_devfusion"
        }
      },
      "oauth_client": [],
      "api_key": [
        {
          "current_key": "AIzaSyBjBxShGEdURmPk-VcT9D8T6LaSHQRZMO0"
        }
      ],
      "services": {
        "appinvite_service": {
          "other_platform_oauth_client": []
        }
      }
    }
  ],
  "configuration_version": "1"
}